<?xml version="1.0"?>
<jcr:root xmlns:jcr="http://www.jcp.org/jcr/1.0" xmlns:cq="http://www.day.com/jcr/cq/1.0" xmlns:nt="http://www.jcp.org/jcr/nt/1.0" xmlns:sling="http://sling.apache.org/jcr/sling/1.0" jcr:primaryType="cq:Page">
  <jcr:content jcr:primaryType="nt:unstructured" sling:resourceType="cedars-sinai/pages/page" jcr:title="Artists in the Collection" jcr:description="Cedars-Sinai is passionate about the idea of a hospital filled with wonderfully healing artwork with more than 1,200 pieces and growing in the collection.">
    <par jcr:primaryType="nt:unstructured" sling:resourceType="wcm/foundation/components/parsys">
      <title jcr:primaryType="nt:unstructured" type="h1" sling:resourceType="cedars-sinai/global/title" jcr:title="Artists in the Collection"/>
      <text jcr:primaryType="nt:unstructured" sling:resourceType="cedars-sinai/global/text" text="&#10;&lt;p&gt;&lt;img alt=&quot;&quot; src=&quot;/About-Us/Art-Collection/Images/Cedars-Sinai-Artists-in-the-Collection.jpg&quot; /&gt;&lt;br /&gt;At Cedars-Sinai, we are passionate about the idea of filling the hospital with great art, to increase the growing awareness of the link between art and healing. We currently have more than 1,200 artists represented in our notable collection. Below is a short list of some of the artists whose work has been proudly displayed for our patients, their family members and our staff to enjoy.&lt;/p&gt;&#10;&lt;h4&gt;If interested in donating art to our collection, please call 323-866-7798 or email artcollection@cshs.org.&lt;/h4&gt;&#10;&lt;br /&gt;&#10;&lt;table style=&quot;width: 100%;&quot; border=&quot;0&quot; cellpadding=&quot;05&quot; cellspacing=&quot;0&quot;&gt;&#10;&lt;tbody&gt;&#10;&lt;tr&gt;&#10;&lt;td width=&quot;34%&quot;&gt;&#10;&lt;p&gt;Africano, Nicolas&lt;br /&gt;Agam, Yaacov&lt;br /&gt;Albers, Josef&lt;br /&gt;Albert, F.&lt;br /&gt;Albuquerque, Lita&lt;br /&gt;Alexander, Peter&lt;br /&gt;Altoon, John&lt;br /&gt;Appel, Karel&lt;br /&gt;Arneson, Robert&lt;br /&gt;Arnoldi, Charles&lt;br /&gt;Asoma, Tadashi&lt;br /&gt;Atkins, Chet&lt;br /&gt;Baertling, Olle&lt;br /&gt;Bell, Larry&lt;br /&gt;Bengston, Billy Al&lt;br /&gt;Benton, Fletcher&lt;br /&gt;Blossfeldt, Karl&lt;br /&gt;Borofsky, Jonathan&lt;br /&gt;Briggs, Ernest&lt;br /&gt;Burkhardt, Hans&lt;br /&gt;Calder, Alexander&lt;br /&gt;Chagall, Marc&lt;br /&gt;Christo&lt;br /&gt;Cocteau, Jean&lt;br /&gt;Cohen, Bruce&lt;br /&gt;Cooper, Ron&lt;br /&gt;Cottingham, Robert&lt;br /&gt;Dali, Salvador&lt;br /&gt;Davis, Ronald&lt;br /&gt;Davy, Woods&lt;br /&gt;de Kooning, Willem Sonnier&lt;br /&gt;Diebenkorn, Richard&lt;br /&gt;Dill, Guy&lt;br /&gt;Dill, Laddie John&lt;/p&gt;&#10;&lt;/td&gt;&#10;&lt;td style=&quot;vertical-align: top; width: 33%;&quot;&gt;&#10;&lt;p&gt;Dine, Jim&lt;br /&gt;Ellwood, Craig&lt;br /&gt;Ernst, Max&lt;br /&gt;Fiskin, Judy&lt;br /&gt;Francis, Sam&lt;br /&gt;Frankenthaler, Helen&lt;br /&gt;Gehry, Frank O.&lt;br /&gt;Giacometti, Alberto&lt;br /&gt;GRONK&lt;br /&gt;Harwood, June&lt;br /&gt;Hawkinson, Tim&lt;br /&gt;Holland, Tom&lt;br /&gt;Herms, George&lt;br /&gt;Howe, Brad&lt;br /&gt;Hurrell, George&lt;br /&gt;Ives, Norman&lt;br /&gt;Johnston, Ynez&lt;br /&gt;Jones, John Paul&lt;br /&gt;Kawa&lt;br /&gt;Klee, Paul&lt;br /&gt;L.A. Fine Arts Squad&lt;br /&gt;Lichtenstein, Roy&lt;br /&gt;Miro, Joan&lt;br /&gt;Mitchell, Joan&lt;br /&gt;Mullican, Lee&lt;br /&gt;Nauman, Bruce&lt;br /&gt;Nesbitt, Lowell&lt;br /&gt;Noland, Ken&lt;br /&gt;Okulick, John&lt;br /&gt;Oldenburg, Claes&lt;br /&gt;Pashgian, Helen&lt;br /&gt;Pettibon, Raymond&lt;br /&gt;Picasso, Pablo&lt;br /&gt;Price, Ken&lt;/p&gt;&#10;&lt;/td&gt;&#10;&lt;td style=&quot;vertical-align: top; width: 33%;&quot;&gt;&#10;&lt;p&gt;Ramos, Mel&lt;br /&gt;Rauschenberg, Robert&lt;br /&gt;Reese, Jeff&lt;br /&gt;Rivers, Larry&lt;br /&gt;Rosenquist, James&lt;br /&gt;Ruscha, Edward&lt;br /&gt;Saban, Analia&lt;br /&gt;Saff, Donald&lt;br /&gt;Schoonhoven, Terry&lt;br /&gt;Shahn, Ben&lt;br /&gt;Smith, Alexis&lt;br /&gt;Stabile, Judy&lt;br /&gt;Stella, Frank&lt;br /&gt;Tamayo, Rufino&lt;br /&gt;Teraoka, Masami&lt;br /&gt;Thiebaud, Wayne&lt;br /&gt;Thornycroft, Ann&lt;br /&gt;Vasa&lt;br /&gt;Vasarely, Victor&lt;br /&gt;Venard, Claude&lt;br /&gt;Waisler, Lee&lt;br /&gt;Waldron, Tom&lt;br /&gt;Walker, Robert&lt;br /&gt;Warhol, Andy&lt;br /&gt;Wegman, William&lt;br /&gt;Wiener, Leigh&lt;br /&gt;Wiley, William T.&lt;br /&gt;Williams, Guy&lt;br /&gt;Wilson, Robert&lt;br /&gt;Zox, Larry&lt;/p&gt;&#10;&lt;/td&gt;&#10;&lt;/tr&gt;&#10;&lt;/tbody&gt;&#10;&lt;/table&gt;&#10;"/>
      <slots jcr:primaryType="nt:unstructured" sling:resourceType="wcm/foundation/components/parsys">
        <image-1 fileReference=""/>
        <image-2 fileReference=""/>
        <image-3 fileReference=""/>
      </slots>
    </par>
  </jcr:content>
</jcr:root>
